grid_id,name,coordinates
216.0,C0:0,"POLYGON((43.739829 -79.514102,43.739829 -79.50316099999999,43.735337666666666 -79.50316099999999,43.735337666666666 -79.514102,43.739829 -79.514102))"
216.0,C0:1,"POLYGON((43.739829 -79.50316099999999,43.739829 -79.49221999999999,43.735337666666666 -79.49221999999999,43.735337666666666 -79.50316099999999,43.739829 -79.50316099999999))"
216.0,C0:2,"POLYGON((43.739829 -79.49221999999999,43.739829 -79.48127899999999,43.735337666666666 -79.48127899999999,43.735337666666666 -79.49221999999999,43.739829 -79.49221999999999))"
216.0,C1:0,"POLYGON((43.735337666666666 -79.514102,43.735337666666666 -79.50316099999999,43.73084633333333 -79.50316099999999,43.73084633333333 -79.514102,43.735337666666666 -79.514102))"
216.0,C1:1,"POLYGON((43.735337666666666 -79.50316099999999,43.735337666666666 -79.49221999999999,43.73084633333333 -79.49221999999999,43.73084633333333 -79.50316099999999,43.735337666666666 -79.50316099999999))"
216.0,C1:2,"POLYGON((43.735337666666666 -79.49221999999999,43.735337666666666 -79.48127899999999,43.73084633333333 -79.48127899999999,43.73084633333333 -79.49221999999999,43.735337666666666 -79.49221999999999))"
216.0,C2:0,"POLYGON((43.73084633333333 -79.514102,43.73084633333333 -79.50316099999999,43.726355 -79.50316099999999,43.726355 -79.514102,43.73084633333333 -79.514102))"
216.0,C2:1,"POLYGON((43.73084633333333 -79.50316099999999,43.73084633333333 -79.49221999999999,43.726355 -79.49221999999999,43.726355 -79.50316099999999,43.73084633333333 -79.50316099999999))"
216.0,C2:2,"POLYGON((43.73084633333333 -79.49221999999999,43.73084633333333 -79.48127899999999,43.726355 -79.48127899999999,43.726355 -79.49221999999999,43.73084633333333 -79.49221999999999))"
