grid_id,name,coordinates
9,C0:0,"POLYGON((40.836064 -74.014138,40.836064 -73.993284,40.79006533333333 -73.993284,40.79006533333333 -74.014138,40.836064 -74.014138))"
9,C0:1,"POLYGON((40.836064 -73.993284,40.836064 -73.97243,40.79006533333333 -73.97243,40.79006533333333 -73.993284,40.836064 -73.993284))"
9,C0:2,"POLYGON((40.836064 -73.97243,40.836064 -73.951576,40.79006533333333 -73.951576,40.79006533333333 -73.97243,40.836064 -73.97243))"
9,C1:0,"POLYGON((40.79006533333333 -74.014138,40.79006533333333 -73.993284,40.74406666666667 -73.993284,40.74406666666667 -74.014138,40.79006533333333 -74.014138))"
9,C1:1,"POLYGON((40.79006533333333 -73.993284,40.79006533333333 -73.97243,40.74406666666667 -73.97243,40.74406666666667 -73.993284,40.79006533333333 -73.993284))"
9,C1:2,"POLYGON((40.79006533333333 -73.97243,40.79006533333333 -73.951576,40.74406666666667 -73.951576,40.74406666666667 -73.97243,40.79006533333333 -73.97243))"
9,C2:0,"POLYGON((40.74406666666667 -74.014138,40.74406666666667 -73.993284,40.698068 -73.993284,40.698068 -74.014138,40.74406666666667 -74.014138))"
9,C2:1,"POLYGON((40.74406666666667 -73.993284,40.74406666666667 -73.97243,40.698068 -73.97243,40.698068 -73.993284,40.74406666666667 -73.993284))"
9,C2:2,"POLYGON((40.74406666666667 -73.97243,40.74406666666667 -73.951576,40.698068 -73.951576,40.698068 -73.97243,40.74406666666667 -73.97243))"
